	semeval				isear			
	accuracy	precision	recall	f1_score	accuracy	precision	recall	f1_score
glove	0.840871	0.897276	0.882848	0.890004	0.60253	0.61355	0.6018	0.598665
word2vec	0.843104	0.920427	0.859112	0.888713	0.564581	0.565287	0.564582	0.558965
ewe	0.820212	0.914141	0.831547	0.87089	0.623835	0.622658	0.626742	0.620442
sawe	0.847013	0.893293	0.897397	0.89534	0.58522	0.595391	0.586398	0.586639
dense_model	0.730318	0.801024	0.838438	0.819304	0.523302	0.531319	0.521037	0.516974
dense_model_scaled(30_epochs,100_dim)	0.743160245672808	0.811946902654867	0.843032159264931	0.827197595792637	0.496671105193076	0.506507537828175	0.495097077978539	0.494656264097745
dense_model_scaled(30_epochs,100_dim)_extended	0.800670016750419	0.881737731295253	0.839203675344563	0.859945076500588	0.553262316910786	0.555149141601216	0.552539231820459	0.55014257162547
